name,price,date

['Boardwalk Cottages'],['US$134'],"0   2022-06-01
Name: date, dtype: datetime64[ns]"

['Adrift Hotel'],['US$143'],"0   2022-06-01
Name: date, dtype: datetime64[ns]"

['Best Western Long Beach Inn'],['US$126'],"0   2022-06-01
Name: date, dtype: datetime64[ns]"

['Coastal Inn and Suites'],['US$84'],"0   2022-06-01
Name: date, dtype: datetime64[ns]"

['Chautauqua Resort & Conference Center'],['US$158'],"0   2022-06-01
Name: date, dtype: datetime64[ns]"

['Inn at Discovery Coast'],['US$229'],"0   2022-06-01
Name: date, dtype: datetime64[ns]"

['Mermaid Inn'],['US$117'],"0   2022-06-01
Name: date, dtype: datetime64[ns]"

['The Breakers Long Beach'],['US$199'],"0   2022-06-01
Name: date, dtype: datetime64[ns]"

['Lighthouse Oceanfront Resort'],['US$179'],"0   2022-06-01
Name: date, dtype: datetime64[ns]"

['Shore View Apartments'],['US$166'],"0   2022-06-01
Name: date, dtype: datetime64[ns]"

['Shelburne Hotel'],['US$134'],"0   2022-06-01
Name: date, dtype: datetime64[ns]"

"[""Heidi's Inn""]",['US$85'],"0   2022-06-01
Name: date, dtype: datetime64[ns]"

['Salt Hotel'],['US$100'],"0   2022-06-01
Name: date, dtype: datetime64[ns]"

['At The Helm Hotel'],['US$286'],"0   2022-06-01
Name: date, dtype: datetime64[ns]"

['Astoria Riverwalk Inn'],['US$246'],"0   2022-06-01
Name: date, dtype: datetime64[ns]"

"['Motel 6-Astoria, OR']",['US$85'],"0   2022-06-01
Name: date, dtype: datetime64[ns]"

"['Holiday Inn Express Hotel & Suites Astoria, an IHG Hotel']",['US$209'],"0   2022-06-01
Name: date, dtype: datetime64[ns]"

['Best Western Astoria Bayfront Hotel'],['US$310'],"0   2022-06-01
Name: date, dtype: datetime64[ns]"

['Atomic Motel'],['US$79'],"0   2022-06-01
Name: date, dtype: datetime64[ns]"

['Astoria Rivershore Motel'],['US$79'],"0   2022-06-01
Name: date, dtype: datetime64[ns]"

['Bowline Hotel'],['US$205'],"0   2022-06-01
Name: date, dtype: datetime64[ns]"

['Inn at the Sea'],['US$84'],"1   2022-06-02
Name: date, dtype: datetime64[ns]"

['Adrift Hotel'],['US$143'],"1   2022-06-02
Name: date, dtype: datetime64[ns]"

['Best Western Long Beach Inn'],['US$126'],"1   2022-06-02
Name: date, dtype: datetime64[ns]"

['Boardwalk Cottages'],['US$134'],"1   2022-06-02
Name: date, dtype: datetime64[ns]"

['Coastal Inn and Suites'],['US$94'],"1   2022-06-02
Name: date, dtype: datetime64[ns]"

['Chautauqua Resort & Conference Center'],['US$158'],"1   2022-06-02
Name: date, dtype: datetime64[ns]"

['Inn at Discovery Coast'],['US$235'],"1   2022-06-02
Name: date, dtype: datetime64[ns]"

['Mermaid Inn'],['US$117'],"1   2022-06-02
Name: date, dtype: datetime64[ns]"

['The Breakers Long Beach'],['US$199'],"1   2022-06-02
Name: date, dtype: datetime64[ns]"

['Life�s Beach�Inn'],['US$112'],"1   2022-06-02
Name: date, dtype: datetime64[ns]"

['Lighthouse Oceanfront Resort'],['US$179'],"1   2022-06-02
Name: date, dtype: datetime64[ns]"

['Shore View Apartments'],['US$166'],"1   2022-06-02
Name: date, dtype: datetime64[ns]"

['Shelburne Hotel'],['US$250'],"1   2022-06-02
Name: date, dtype: datetime64[ns]"

['Historic Camp Hungry'],['US$84'],"1   2022-06-02
Name: date, dtype: datetime64[ns]"

['Inn at Harbour Village'],['US$159'],"1   2022-06-02
Name: date, dtype: datetime64[ns]"

"[""Heidi's Inn""]",['US$85'],"1   2022-06-02
Name: date, dtype: datetime64[ns]"

['Salt Hotel'],['US$100'],"1   2022-06-02
Name: date, dtype: datetime64[ns]"

['Col-Pacific Motel'],['US$139'],"1   2022-06-02
Name: date, dtype: datetime64[ns]"

['At The Helm Hotel'],['US$286'],"1   2022-06-02
Name: date, dtype: datetime64[ns]"

['Astoria Riverwalk Inn'],['US$271'],"1   2022-06-02
Name: date, dtype: datetime64[ns]"

"['Motel 6-Astoria, OR']",['US$85'],"1   2022-06-02
Name: date, dtype: datetime64[ns]"

"['Holiday Inn Express Hotel & Suites Astoria, an IHG Hotel']",['US$209'],"1   2022-06-02
Name: date, dtype: datetime64[ns]"

['Best Western Astoria Bayfront Hotel'],['US$225'],"1   2022-06-02
Name: date, dtype: datetime64[ns]"

['Atomic Motel'],['US$79'],"1   2022-06-02
Name: date, dtype: datetime64[ns]"

['Adrift Hotel'],['US$186'],"2   2022-06-03
Name: date, dtype: datetime64[ns]"

['Oceanview Inn at the Arch'],['US$187'],"2   2022-06-03
Name: date, dtype: datetime64[ns]"

['Coastal Inn and Suites'],['US$119'],"2   2022-06-03
Name: date, dtype: datetime64[ns]"

['Best Western Long Beach Inn'],['US$176'],"2   2022-06-03
Name: date, dtype: datetime64[ns]"

['Boardwalk Cottages'],['US$211'],"2   2022-06-03
Name: date, dtype: datetime64[ns]"

['Chautauqua Resort & Conference Center'],['US$185'],"2   2022-06-03
Name: date, dtype: datetime64[ns]"

['Inn at Discovery Coast'],['US$298'],"2   2022-06-03
Name: date, dtype: datetime64[ns]"

['The Breakers Long Beach'],['US$199'],"2   2022-06-03
Name: date, dtype: datetime64[ns]"

['Lighthouse Oceanfront Resort'],['US$254'],"2   2022-06-03
Name: date, dtype: datetime64[ns]"

['Shore View Apartments'],['US$191'],"2   2022-06-03
Name: date, dtype: datetime64[ns]"

['Shelburne Hotel'],['US$161'],"2   2022-06-03
Name: date, dtype: datetime64[ns]"

['Historic Camp Hungry'],['US$125'],"2   2022-06-03
Name: date, dtype: datetime64[ns]"

['Inn at Harbour Village'],['US$159'],"2   2022-06-03
Name: date, dtype: datetime64[ns]"

"[""Heidi's Inn""]",['US$102'],"2   2022-06-03
Name: date, dtype: datetime64[ns]"

['At The Helm Hotel'],['US$332'],"2   2022-06-03
Name: date, dtype: datetime64[ns]"

"['Motel 6-Astoria, OR']",['US$105'],"2   2022-06-03
Name: date, dtype: datetime64[ns]"

"['Holiday Inn Express Hotel & Suites Astoria, an IHG Hotel']",['US$299'],"2   2022-06-03
Name: date, dtype: datetime64[ns]"

['Best Western Astoria Bayfront Hotel'],['US$385'],"2   2022-06-03
Name: date, dtype: datetime64[ns]"

['Atomic Motel'],['US$169'],"2   2022-06-03
Name: date, dtype: datetime64[ns]"

['Astoria Rivershore Motel'],['US$169'],"2   2022-06-03
Name: date, dtype: datetime64[ns]"

['Bowline Hotel'],['US$287'],"2   2022-06-03
Name: date, dtype: datetime64[ns]"

['Inn at the Sea'],['US$159'],"3   2022-06-04
Name: date, dtype: datetime64[ns]"

['Best Western Long Beach Inn'],['US$176'],"3   2022-06-04
Name: date, dtype: datetime64[ns]"

['Adrift Hotel'],['US$263'],"3   2022-06-04
Name: date, dtype: datetime64[ns]"

['Coastal Inn and Suites'],['US$149'],"3   2022-06-04
Name: date, dtype: datetime64[ns]"

['Boardwalk Cottages'],['US$290'],"3   2022-06-04
Name: date, dtype: datetime64[ns]"

['Chautauqua Resort & Conference Center'],['US$185'],"3   2022-06-04
Name: date, dtype: datetime64[ns]"

['Inn at Discovery Coast'],['US$358'],"3   2022-06-04
Name: date, dtype: datetime64[ns]"

['The Breakers Long Beach'],['US$199'],"3   2022-06-04
Name: date, dtype: datetime64[ns]"

['Shelburne Hotel'],['US$249'],"3   2022-06-04
Name: date, dtype: datetime64[ns]"

['Inn at Harbour Village'],['US$199'],"3   2022-06-04
Name: date, dtype: datetime64[ns]"

"[""Heidi's Inn""]",['US$102'],"3   2022-06-04
Name: date, dtype: datetime64[ns]"

['At The Helm Hotel'],['US$332'],"3   2022-06-04
Name: date, dtype: datetime64[ns]"

['Best Western Astoria Bayfront Hotel'],['US$286'],"3   2022-06-04
Name: date, dtype: datetime64[ns]"

['Astoria Rivershore Motel'],['US$194'],"3   2022-06-04
Name: date, dtype: datetime64[ns]"

['Bowline Hotel'],['US$368'],"3   2022-06-04
Name: date, dtype: datetime64[ns]"

['Inn at the Sea'],['US$89'],"4   2022-06-05
Name: date, dtype: datetime64[ns]"

['Adrift Hotel'],['US$147'],"4   2022-06-05
Name: date, dtype: datetime64[ns]"

['Boardwalk Cottages'],['US$143'],"4   2022-06-05
Name: date, dtype: datetime64[ns]"

['Best Western Long Beach Inn'],['US$141'],"4   2022-06-05
Name: date, dtype: datetime64[ns]"

['Coastal Inn and Suites'],['US$79'],"4   2022-06-05
Name: date, dtype: datetime64[ns]"

['Chautauqua Resort & Conference Center'],['US$158'],"4   2022-06-05
Name: date, dtype: datetime64[ns]"

['Inn at Discovery Coast'],['US$264'],"4   2022-06-05
Name: date, dtype: datetime64[ns]"

['Mermaid Inn'],['US$117'],"4   2022-06-05
Name: date, dtype: datetime64[ns]"

['The Breakers Long Beach'],['US$199'],"4   2022-06-05
Name: date, dtype: datetime64[ns]"

['Lighthouse Oceanfront Resort'],['US$179'],"4   2022-06-05
Name: date, dtype: datetime64[ns]"

['Life�s Beach�Inn'],['US$112'],"4   2022-06-05
Name: date, dtype: datetime64[ns]"

['Shelburne Hotel'],['US$143'],"4   2022-06-05
Name: date, dtype: datetime64[ns]"

['Inn at Harbour Village'],['US$159'],"4   2022-06-05
Name: date, dtype: datetime64[ns]"

"[""Heidi's Inn""]",['US$85'],"4   2022-06-05
Name: date, dtype: datetime64[ns]"

['Salt Hotel'],['US$120'],"4   2022-06-05
Name: date, dtype: datetime64[ns]"

['Col-Pacific Motel'],['US$149'],"4   2022-06-05
Name: date, dtype: datetime64[ns]"

['At The Helm Hotel'],['US$286'],"4   2022-06-05
Name: date, dtype: datetime64[ns]"

['Astoria Riverwalk Inn'],['US$200'],"4   2022-06-05
Name: date, dtype: datetime64[ns]"

['Best Western Astoria Bayfront Hotel'],['US$198'],"4   2022-06-05
Name: date, dtype: datetime64[ns]"

"['Holiday Inn Express Hotel & Suites Astoria, an IHG Hotel']",['US$249'],"4   2022-06-05
Name: date, dtype: datetime64[ns]"

['Atomic Motel'],['US$79'],"4   2022-06-05
Name: date, dtype: datetime64[ns]"

['Columbia Inn'],['US$72'],"4   2022-06-05
Name: date, dtype: datetime64[ns]"

['Astoria Rivershore Motel'],['US$79'],"4   2022-06-05
Name: date, dtype: datetime64[ns]"

['Bowline Hotel'],['US$241'],"4   2022-06-05
Name: date, dtype: datetime64[ns]"

['Inn at the Sea'],['US$89'],"5   2022-06-06
Name: date, dtype: datetime64[ns]"

['Adrift Hotel'],['US$161'],"5   2022-06-06
Name: date, dtype: datetime64[ns]"

['Boardwalk Cottages'],['US$143'],"5   2022-06-06
Name: date, dtype: datetime64[ns]"

['Best Western Long Beach Inn'],['US$141'],"5   2022-06-06
Name: date, dtype: datetime64[ns]"

['Coastal Inn and Suites'],['US$79'],"5   2022-06-06
Name: date, dtype: datetime64[ns]"

['Chautauqua Resort & Conference Center'],['US$158'],"5   2022-06-06
Name: date, dtype: datetime64[ns]"

['Inn at Discovery Coast'],['US$257'],"5   2022-06-06
Name: date, dtype: datetime64[ns]"

['Mermaid Inn'],['US$117'],"5   2022-06-06
Name: date, dtype: datetime64[ns]"

['The Breakers Long Beach'],['US$199'],"5   2022-06-06
Name: date, dtype: datetime64[ns]"

['Life�s Beach�Inn'],['US$112'],"5   2022-06-06
Name: date, dtype: datetime64[ns]"

['Shelburne Hotel'],['US$183'],"5   2022-06-06
Name: date, dtype: datetime64[ns]"

['Inn at Harbour Village'],['US$159'],"5   2022-06-06
Name: date, dtype: datetime64[ns]"

"[""Heidi's Inn""]",['US$85'],"5   2022-06-06
Name: date, dtype: datetime64[ns]"

['Salt Hotel'],['US$120'],"5   2022-06-06
Name: date, dtype: datetime64[ns]"

['Col-Pacific Motel'],['US$139'],"5   2022-06-06
Name: date, dtype: datetime64[ns]"

['At The Helm Hotel'],['US$286'],"5   2022-06-06
Name: date, dtype: datetime64[ns]"

['Astoria Riverwalk Inn'],['US$200'],"5   2022-06-06
Name: date, dtype: datetime64[ns]"

"['Motel 6-Astoria, OR']",['US$85'],"5   2022-06-06
Name: date, dtype: datetime64[ns]"

"['Holiday Inn Express Hotel & Suites Astoria, an IHG Hotel']",['US$249'],"5   2022-06-06
Name: date, dtype: datetime64[ns]"

['Best Western Astoria Bayfront Hotel'],['US$198'],"5   2022-06-06
Name: date, dtype: datetime64[ns]"

['Atomic Motel'],['US$79'],"5   2022-06-06
Name: date, dtype: datetime64[ns]"

['Astoria Rivershore Motel'],['US$79'],"5   2022-06-06
Name: date, dtype: datetime64[ns]"

['Columbia Inn'],['US$83'],"5   2022-06-06
Name: date, dtype: datetime64[ns]"

['Bowline Hotel'],['US$245'],"5   2022-06-06
Name: date, dtype: datetime64[ns]"

['Oceanview Inn at the Arch'],['US$102'],"6   2022-06-07
Name: date, dtype: datetime64[ns]"

['Adrift Hotel'],['US$162'],"6   2022-06-07
Name: date, dtype: datetime64[ns]"

['Boardwalk Cottages'],['US$163'],"6   2022-06-07
Name: date, dtype: datetime64[ns]"

['Best Western Long Beach Inn'],['US$141'],"6   2022-06-07
Name: date, dtype: datetime64[ns]"

['Coastal Inn and Suites'],['US$79'],"6   2022-06-07
Name: date, dtype: datetime64[ns]"

['Inn at Discovery Coast'],['US$205'],"6   2022-06-07
Name: date, dtype: datetime64[ns]"

['Chautauqua Resort & Conference Center'],['US$158'],"6   2022-06-07
Name: date, dtype: datetime64[ns]"

['Mermaid Inn'],['US$117'],"6   2022-06-07
Name: date, dtype: datetime64[ns]"

['The Breakers Long Beach'],['US$199'],"6   2022-06-07
Name: date, dtype: datetime64[ns]"

['Life�s Beach�Inn'],['US$112'],"6   2022-06-07
Name: date, dtype: datetime64[ns]"

['Shelburne Hotel'],['US$143'],"6   2022-06-07
Name: date, dtype: datetime64[ns]"

['Inn at Harbour Village'],['US$159'],"6   2022-06-07
Name: date, dtype: datetime64[ns]"

"[""Heidi's Inn""]",['US$85'],"6   2022-06-07
Name: date, dtype: datetime64[ns]"

['Salt Hotel'],['US$120'],"6   2022-06-07
Name: date, dtype: datetime64[ns]"

['Col-Pacific Motel'],['US$139'],"6   2022-06-07
Name: date, dtype: datetime64[ns]"

['At The Helm Hotel'],['US$286'],"6   2022-06-07
Name: date, dtype: datetime64[ns]"

['Astoria Riverwalk Inn'],['US$200'],"6   2022-06-07
Name: date, dtype: datetime64[ns]"

"['Motel 6-Astoria, OR']",['US$85'],"6   2022-06-07
Name: date, dtype: datetime64[ns]"

"['Holiday Inn Express Hotel & Suites Astoria, an IHG Hotel']",['US$249'],"6   2022-06-07
Name: date, dtype: datetime64[ns]"

['Best Western Astoria Bayfront Hotel'],['US$207'],"6   2022-06-07
Name: date, dtype: datetime64[ns]"

['Atomic Motel'],['US$79'],"6   2022-06-07
Name: date, dtype: datetime64[ns]"

['Columbia Inn'],['US$83'],"6   2022-06-07
Name: date, dtype: datetime64[ns]"

['Astoria Rivershore Motel'],['US$79'],"6   2022-06-07
Name: date, dtype: datetime64[ns]"

['Bowline Hotel'],['US$268'],"6   2022-06-07
Name: date, dtype: datetime64[ns]"

['Inn at the Sea'],['US$89'],"7   2022-06-08
Name: date, dtype: datetime64[ns]"

['Adrift Hotel'],['US$161'],"7   2022-06-08
Name: date, dtype: datetime64[ns]"

['Boardwalk Cottages'],['US$143'],"7   2022-06-08
Name: date, dtype: datetime64[ns]"

['Best Western Long Beach Inn'],['US$153'],"7   2022-06-08
Name: date, dtype: datetime64[ns]"

['Coastal Inn and Suites'],['US$79'],"7   2022-06-08
Name: date, dtype: datetime64[ns]"

['Inn at Discovery Coast'],['US$245'],"7   2022-06-08
Name: date, dtype: datetime64[ns]"

['Chautauqua Resort & Conference Center'],['US$158'],"7   2022-06-08
Name: date, dtype: datetime64[ns]"

['Mermaid Inn'],['US$117'],"7   2022-06-08
Name: date, dtype: datetime64[ns]"

['The Breakers Long Beach'],['US$199'],"7   2022-06-08
Name: date, dtype: datetime64[ns]"

['Lighthouse Oceanfront Resort'],['US$179'],"7   2022-06-08
Name: date, dtype: datetime64[ns]"

['Life�s Beach�Inn'],['US$112'],"7   2022-06-08
Name: date, dtype: datetime64[ns]"

['Shelburne Hotel'],['US$143'],"7   2022-06-08
Name: date, dtype: datetime64[ns]"

['Inn at Harbour Village'],['US$159'],"7   2022-06-08
Name: date, dtype: datetime64[ns]"

"[""Heidi's Inn""]",['US$85'],"7   2022-06-08
Name: date, dtype: datetime64[ns]"

['Salt Hotel'],['US$120'],"7   2022-06-08
Name: date, dtype: datetime64[ns]"

['Col-Pacific Motel'],['US$139'],"7   2022-06-08
Name: date, dtype: datetime64[ns]"

['At The Helm Hotel'],['US$286'],"7   2022-06-08
Name: date, dtype: datetime64[ns]"

['Astoria Riverwalk Inn'],['US$200'],"7   2022-06-08
Name: date, dtype: datetime64[ns]"

"['Motel 6-Astoria, OR']",['US$85'],"7   2022-06-08
Name: date, dtype: datetime64[ns]"

"['Holiday Inn Express Hotel & Suites Astoria, an IHG Hotel']",['US$241'],"7   2022-06-08
Name: date, dtype: datetime64[ns]"

['Best Western Astoria Bayfront Hotel'],['US$233'],"7   2022-06-08
Name: date, dtype: datetime64[ns]"

['Atomic Motel'],['US$79'],"7   2022-06-08
Name: date, dtype: datetime64[ns]"

['Columbia Inn'],['US$72'],"7   2022-06-08
Name: date, dtype: datetime64[ns]"

['Astoria Rivershore Motel'],['US$79'],"7   2022-06-08
Name: date, dtype: datetime64[ns]"

['Inn at the Sea'],['US$84'],"8   2022-06-09
Name: date, dtype: datetime64[ns]"

['Adrift Hotel'],['US$130'],"8   2022-06-09
Name: date, dtype: datetime64[ns]"

['Boardwalk Cottages'],['US$160'],"8   2022-06-09
Name: date, dtype: datetime64[ns]"

['Best Western Long Beach Inn'],['US$153'],"8   2022-06-09
Name: date, dtype: datetime64[ns]"

['Coastal Inn and Suites'],['US$79'],"8   2022-06-09
Name: date, dtype: datetime64[ns]"

['Inn at Discovery Coast'],['US$245'],"8   2022-06-09
Name: date, dtype: datetime64[ns]"

['Chautauqua Resort & Conference Center'],['US$158'],"8   2022-06-09
Name: date, dtype: datetime64[ns]"

['Mermaid Inn'],['US$117'],"8   2022-06-09
Name: date, dtype: datetime64[ns]"

['The Breakers Long Beach'],['US$199'],"8   2022-06-09
Name: date, dtype: datetime64[ns]"

['Lighthouse Oceanfront Resort'],['US$179'],"8   2022-06-09
Name: date, dtype: datetime64[ns]"

['Life�s Beach�Inn'],['US$112'],"8   2022-06-09
Name: date, dtype: datetime64[ns]"

['Shelburne Hotel'],['US$151'],"8   2022-06-09
Name: date, dtype: datetime64[ns]"

['Inn at Harbour Village'],['US$149'],"8   2022-06-09
Name: date, dtype: datetime64[ns]"

"[""Heidi's Inn""]",['US$85'],"8   2022-06-09
Name: date, dtype: datetime64[ns]"

['Salt Hotel'],['US$120'],"8   2022-06-09
Name: date, dtype: datetime64[ns]"

['Col-Pacific Motel'],['US$139'],"8   2022-06-09
Name: date, dtype: datetime64[ns]"

['At The Helm Hotel'],['US$286'],"8   2022-06-09
Name: date, dtype: datetime64[ns]"

['Astoria Riverwalk Inn'],['US$200'],"8   2022-06-09
Name: date, dtype: datetime64[ns]"

"['Motel 6-Astoria, OR']",['US$85'],"8   2022-06-09
Name: date, dtype: datetime64[ns]"

"['Holiday Inn Express Hotel & Suites Astoria, an IHG Hotel']",['US$246'],"8   2022-06-09
Name: date, dtype: datetime64[ns]"

['Best Western Astoria Bayfront Hotel'],['US$216'],"8   2022-06-09
Name: date, dtype: datetime64[ns]"

['Atomic Motel'],['US$79'],"8   2022-06-09
Name: date, dtype: datetime64[ns]"

['Columbia Inn'],['US$72'],"8   2022-06-09
Name: date, dtype: datetime64[ns]"

['Astoria Rivershore Motel'],['US$79'],"8   2022-06-09
Name: date, dtype: datetime64[ns]"

['Inn at the Sea'],['US$139'],"9   2022-06-10
Name: date, dtype: datetime64[ns]"

['Adrift Hotel'],['US$179'],"9   2022-06-10
Name: date, dtype: datetime64[ns]"

['Coastal Inn and Suites'],['US$109'],"9   2022-06-10
Name: date, dtype: datetime64[ns]"

['Boardwalk Cottages'],['US$242'],"9   2022-06-10
Name: date, dtype: datetime64[ns]"

['Best Western Long Beach Inn'],['US$255'],"9   2022-06-10
Name: date, dtype: datetime64[ns]"

['Chautauqua Resort & Conference Center'],['US$185'],"9   2022-06-10
Name: date, dtype: datetime64[ns]"

['Inn at Discovery Coast'],['US$370'],"9   2022-06-10
Name: date, dtype: datetime64[ns]"

['The Breakers Long Beach'],['US$199'],"9   2022-06-10
Name: date, dtype: datetime64[ns]"

['Shelburne Hotel'],['US$179'],"9   2022-06-10
Name: date, dtype: datetime64[ns]"

['Historic Camp Hungry'],['US$118'],"9   2022-06-10
Name: date, dtype: datetime64[ns]"

['Inn at Harbour Village'],['US$149'],"9   2022-06-10
Name: date, dtype: datetime64[ns]"

"[""Heidi's Inn""]",['US$102'],"9   2022-06-10
Name: date, dtype: datetime64[ns]"

['Col-Pacific Motel'],['US$149'],"9   2022-06-10
Name: date, dtype: datetime64[ns]"

['At The Helm Hotel'],['US$332'],"9   2022-06-10
Name: date, dtype: datetime64[ns]"

"['Motel 6-Astoria, OR']",['US$95'],"9   2022-06-10
Name: date, dtype: datetime64[ns]"

"['Holiday Inn Express Hotel & Suites Astoria, an IHG Hotel']",['US$294'],"9   2022-06-10
Name: date, dtype: datetime64[ns]"

['Best Western Astoria Bayfront Hotel'],['US$273'],"9   2022-06-10
Name: date, dtype: datetime64[ns]"

['Atomic Motel'],['US$169'],"9   2022-06-10
Name: date, dtype: datetime64[ns]"

['Columbia Inn'],['US$83'],"9   2022-06-10
Name: date, dtype: datetime64[ns]"

['Astoria Rivershore Motel'],['US$129'],"9   2022-06-10
Name: date, dtype: datetime64[ns]"

['Bowline Hotel'],['US$311'],"9   2022-06-10
Name: date, dtype: datetime64[ns]"

['Inn at the Sea'],['US$189'],"10   2022-06-11
Name: date, dtype: datetime64[ns]"

['Adrift Hotel'],['US$230'],"10   2022-06-11
Name: date, dtype: datetime64[ns]"

['Coastal Inn and Suites'],['US$159'],"10   2022-06-11
Name: date, dtype: datetime64[ns]"

['Chautauqua Resort & Conference Center'],['US$185'],"10   2022-06-11
Name: date, dtype: datetime64[ns]"

['Inn at Discovery Coast'],['US$363'],"10   2022-06-11
Name: date, dtype: datetime64[ns]"

['The Breakers Long Beach'],['US$199'],"10   2022-06-11
Name: date, dtype: datetime64[ns]"

['Shelburne Hotel'],['US$230'],"10   2022-06-11
Name: date, dtype: datetime64[ns]"

['Inn at Harbour Village'],['US$189'],"10   2022-06-11
Name: date, dtype: datetime64[ns]"

"[""Heidi's Inn""]",['US$102'],"10   2022-06-11
Name: date, dtype: datetime64[ns]"

['Col-Pacific Motel'],['US$149'],"10   2022-06-11
Name: date, dtype: datetime64[ns]"

['At The Helm Hotel'],['US$332'],"10   2022-06-11
Name: date, dtype: datetime64[ns]"

"['Holiday Inn Express Hotel & Suites Astoria, an IHG Hotel']",['US$317'],"10   2022-06-11
Name: date, dtype: datetime64[ns]"

['Best Western Astoria Bayfront Hotel'],['US$295'],"10   2022-06-11
Name: date, dtype: datetime64[ns]"

['Atomic Motel'],['US$189'],"10   2022-06-11
Name: date, dtype: datetime64[ns]"

['Astoria Rivershore Motel'],['US$169'],"10   2022-06-11
Name: date, dtype: datetime64[ns]"

['Bowline Hotel'],['US$346'],"10   2022-06-11
Name: date, dtype: datetime64[ns]"

['Inn at the Sea'],['US$84'],"11   2022-06-12
Name: date, dtype: datetime64[ns]"

['Adrift Hotel'],['US$172'],"11   2022-06-12
Name: date, dtype: datetime64[ns]"

['Boardwalk Cottages'],['US$167'],"11   2022-06-12
Name: date, dtype: datetime64[ns]"

['Coastal Inn and Suites'],['US$79'],"11   2022-06-12
Name: date, dtype: datetime64[ns]"

['Best Western Long Beach Inn'],['US$195'],"11   2022-06-12
Name: date, dtype: datetime64[ns]"

['Inn at Discovery Coast'],['US$224'],"11   2022-06-12
Name: date, dtype: datetime64[ns]"

['Chautauqua Resort & Conference Center'],['US$158'],"11   2022-06-12
Name: date, dtype: datetime64[ns]"

['The Breakers Long Beach'],['US$199'],"11   2022-06-12
Name: date, dtype: datetime64[ns]"

['Lighthouse Oceanfront Resort'],['US$179'],"11   2022-06-12
Name: date, dtype: datetime64[ns]"

['Life�s Beach�Inn'],['US$112'],"11   2022-06-12
Name: date, dtype: datetime64[ns]"

['Shelburne Hotel'],['US$143'],"11   2022-06-12
Name: date, dtype: datetime64[ns]"

['Inn at Harbour Village'],['US$149'],"11   2022-06-12
Name: date, dtype: datetime64[ns]"

"[""Heidi's Inn""]",['US$85'],"11   2022-06-12
Name: date, dtype: datetime64[ns]"

['Salt Hotel'],['US$180'],"11   2022-06-12
Name: date, dtype: datetime64[ns]"

['Col-Pacific Motel'],['US$149'],"11   2022-06-12
Name: date, dtype: datetime64[ns]"

['At The Helm Hotel'],['US$286'],"11   2022-06-12
Name: date, dtype: datetime64[ns]"

['Astoria Riverwalk Inn'],['US$200'],"11   2022-06-12
Name: date, dtype: datetime64[ns]"

"['Motel 6-Astoria, OR']",['US$85'],"11   2022-06-12
Name: date, dtype: datetime64[ns]"

"['Holiday Inn Express Hotel & Suites Astoria, an IHG Hotel']",['US$256'],"11   2022-06-12
Name: date, dtype: datetime64[ns]"

['Best Western Astoria Bayfront Hotel'],['US$242'],"11   2022-06-12
Name: date, dtype: datetime64[ns]"

['Atomic Motel'],['US$79'],"11   2022-06-12
Name: date, dtype: datetime64[ns]"

['Columbia Inn'],['US$72'],"11   2022-06-12
Name: date, dtype: datetime64[ns]"

['Astoria Rivershore Motel'],['US$85'],"11   2022-06-12
Name: date, dtype: datetime64[ns]"

['Bowline Hotel'],['US$250'],"11   2022-06-12
Name: date, dtype: datetime64[ns]"

['Inn at the Sea'],['US$84'],"12   2022-06-13
Name: date, dtype: datetime64[ns]"

['Adrift Hotel'],['US$161'],"12   2022-06-13
Name: date, dtype: datetime64[ns]"

['Boardwalk Cottages'],['US$207'],"12   2022-06-13
Name: date, dtype: datetime64[ns]"

['Coastal Inn and Suites'],['US$79'],"12   2022-06-13
Name: date, dtype: datetime64[ns]"

['Best Western Long Beach Inn'],['US$195'],"12   2022-06-13
Name: date, dtype: datetime64[ns]"

['Chautauqua Resort & Conference Center'],['US$158'],"12   2022-06-13
Name: date, dtype: datetime64[ns]"

['Inn at Discovery Coast'],['US$257'],"12   2022-06-13
Name: date, dtype: datetime64[ns]"

['The Breakers Long Beach'],['US$199'],"12   2022-06-13
Name: date, dtype: datetime64[ns]"

['Lighthouse Oceanfront Resort'],['US$179'],"12   2022-06-13
Name: date, dtype: datetime64[ns]"

['Shelburne Hotel'],['US$143'],"12   2022-06-13
Name: date, dtype: datetime64[ns]"

['Historic Camp Hungry'],['US$84'],"12   2022-06-13
Name: date, dtype: datetime64[ns]"

['Inn at Harbour Village'],['US$149'],"12   2022-06-13
Name: date, dtype: datetime64[ns]"

"[""Heidi's Inn""]",['US$85'],"12   2022-06-13
Name: date, dtype: datetime64[ns]"

['Salt Hotel'],['US$180'],"12   2022-06-13
Name: date, dtype: datetime64[ns]"

['Col-Pacific Motel'],['US$139'],"12   2022-06-13
Name: date, dtype: datetime64[ns]"

['At The Helm Hotel'],['US$286'],"12   2022-06-13
Name: date, dtype: datetime64[ns]"

['Astoria Riverwalk Inn'],['US$200'],"12   2022-06-13
Name: date, dtype: datetime64[ns]"

"['Motel 6-Astoria, OR']",['US$85'],"12   2022-06-13
Name: date, dtype: datetime64[ns]"

"['Holiday Inn Express Hotel & Suites Astoria, an IHG Hotel']",['US$257'],"12   2022-06-13
Name: date, dtype: datetime64[ns]"

['Best Western Astoria Bayfront Hotel'],['US$251'],"12   2022-06-13
Name: date, dtype: datetime64[ns]"

['Atomic Motel'],['US$79'],"12   2022-06-13
Name: date, dtype: datetime64[ns]"

['Columbia Inn'],['US$83'],"12   2022-06-13
Name: date, dtype: datetime64[ns]"

['Astoria Rivershore Motel'],['US$85'],"12   2022-06-13
Name: date, dtype: datetime64[ns]"

['Bowline Hotel'],['US$268'],"12   2022-06-13
Name: date, dtype: datetime64[ns]"

['Inn at the Sea'],['US$84'],"13   2022-06-14
Name: date, dtype: datetime64[ns]"

['Adrift Hotel'],['US$161'],"13   2022-06-14
Name: date, dtype: datetime64[ns]"

['Boardwalk Cottages'],['US$160'],"13   2022-06-14
Name: date, dtype: datetime64[ns]"

['Coastal Inn and Suites'],['US$79'],"13   2022-06-14
Name: date, dtype: datetime64[ns]"

['Best Western Long Beach Inn'],['US$195'],"13   2022-06-14
Name: date, dtype: datetime64[ns]"

['Inn at Discovery Coast'],['US$245'],"13   2022-06-14
Name: date, dtype: datetime64[ns]"

['Chautauqua Resort & Conference Center'],['US$158'],"13   2022-06-14
Name: date, dtype: datetime64[ns]"

['The Breakers Long Beach'],['US$199'],"13   2022-06-14
Name: date, dtype: datetime64[ns]"

['Lighthouse Oceanfront Resort'],['US$179'],"13   2022-06-14
Name: date, dtype: datetime64[ns]"

['Shelburne Hotel'],['US$143'],"13   2022-06-14
Name: date, dtype: datetime64[ns]"

['Historic Camp Hungry'],['US$90'],"13   2022-06-14
Name: date, dtype: datetime64[ns]"

['Inn at Harbour Village'],['US$149'],"13   2022-06-14
Name: date, dtype: datetime64[ns]"

"[""Heidi's Inn""]",['US$85'],"13   2022-06-14
Name: date, dtype: datetime64[ns]"

['Salt Hotel'],['US$180'],"13   2022-06-14
Name: date, dtype: datetime64[ns]"

['Col-Pacific Motel'],['US$139'],"13   2022-06-14
Name: date, dtype: datetime64[ns]"

['At The Helm Hotel'],['US$286'],"13   2022-06-14
Name: date, dtype: datetime64[ns]"

['Astoria Riverwalk Inn'],['US$200'],"13   2022-06-14
Name: date, dtype: datetime64[ns]"

"['Motel 6-Astoria, OR']",['US$85'],"13   2022-06-14
Name: date, dtype: datetime64[ns]"

"['Holiday Inn Express Hotel & Suites Astoria, an IHG Hotel']",['US$273'],"13   2022-06-14
Name: date, dtype: datetime64[ns]"

['Best Western Astoria Bayfront Hotel'],['US$251'],"13   2022-06-14
Name: date, dtype: datetime64[ns]"

['Atomic Motel'],['US$79'],"13   2022-06-14
Name: date, dtype: datetime64[ns]"

['Columbia Inn'],['US$72'],"13   2022-06-14
Name: date, dtype: datetime64[ns]"

['Astoria Rivershore Motel'],['US$85'],"13   2022-06-14
Name: date, dtype: datetime64[ns]"

['Bowline Hotel'],['US$245'],"13   2022-06-14
Name: date, dtype: datetime64[ns]"

['Inn at the Sea'],['US$89'],"14   2022-06-15
Name: date, dtype: datetime64[ns]"

['Adrift Hotel'],['US$180'],"14   2022-06-15
Name: date, dtype: datetime64[ns]"

['Boardwalk Cottages'],['US$172'],"14   2022-06-15
Name: date, dtype: datetime64[ns]"

['Coastal Inn and Suites'],['US$79'],"14   2022-06-15
Name: date, dtype: datetime64[ns]"

['Best Western Long Beach Inn'],['US$195'],"14   2022-06-15
Name: date, dtype: datetime64[ns]"

['Chautauqua Resort & Conference Center'],['US$188'],"14   2022-06-15
Name: date, dtype: datetime64[ns]"

['Inn at Discovery Coast'],['US$267'],"14   2022-06-15
Name: date, dtype: datetime64[ns]"

['The Breakers Long Beach'],['US$199'],"14   2022-06-15
Name: date, dtype: datetime64[ns]"

['Lighthouse Oceanfront Resort'],['US$179'],"14   2022-06-15
Name: date, dtype: datetime64[ns]"

['Shore View Apartments'],['US$166'],"14   2022-06-15
Name: date, dtype: datetime64[ns]"

['Shelburne Hotel'],['US$152'],"14   2022-06-15
Name: date, dtype: datetime64[ns]"

['Inn at Harbour Village'],['US$159'],"14   2022-06-15
Name: date, dtype: datetime64[ns]"

"[""Heidi's Inn""]",['US$85'],"14   2022-06-15
Name: date, dtype: datetime64[ns]"

['Col-Pacific Motel'],['US$139'],"14   2022-06-15
Name: date, dtype: datetime64[ns]"

['At The Helm Hotel'],['US$286'],"14   2022-06-15
Name: date, dtype: datetime64[ns]"

['Astoria Riverwalk Inn'],['US$200'],"14   2022-06-15
Name: date, dtype: datetime64[ns]"

"['Motel 6-Astoria, OR']",['US$85'],"14   2022-06-15
Name: date, dtype: datetime64[ns]"

"['Holiday Inn Express Hotel & Suites Astoria, an IHG Hotel']",['US$299'],"14   2022-06-15
Name: date, dtype: datetime64[ns]"

['Best Western Astoria Bayfront Hotel'],['US$242'],"14   2022-06-15
Name: date, dtype: datetime64[ns]"

['Atomic Motel'],['US$79'],"14   2022-06-15
Name: date, dtype: datetime64[ns]"

['Columbia Inn'],['US$72'],"14   2022-06-15
Name: date, dtype: datetime64[ns]"

['Astoria Rivershore Motel'],['US$85'],"14   2022-06-15
Name: date, dtype: datetime64[ns]"

['Bowline Hotel'],['US$288'],"14   2022-06-15
Name: date, dtype: datetime64[ns]"

['Inn at the Sea'],['US$89'],"15   2022-06-16
Name: date, dtype: datetime64[ns]"

['Adrift Hotel'],['US$171'],"15   2022-06-16
Name: date, dtype: datetime64[ns]"

['Boardwalk Cottages'],['US$180'],"15   2022-06-16
Name: date, dtype: datetime64[ns]"

['Coastal Inn and Suites'],['US$79'],"15   2022-06-16
Name: date, dtype: datetime64[ns]"

['Best Western Long Beach Inn'],['US$195'],"15   2022-06-16
Name: date, dtype: datetime64[ns]"

['Chautauqua Resort & Conference Center'],['US$188'],"15   2022-06-16
Name: date, dtype: datetime64[ns]"

['Inn at Discovery Coast'],['US$267'],"15   2022-06-16
Name: date, dtype: datetime64[ns]"

['The Breakers Long Beach'],['US$199'],"15   2022-06-16
Name: date, dtype: datetime64[ns]"

['Lighthouse Oceanfront Resort'],['US$179'],"15   2022-06-16
Name: date, dtype: datetime64[ns]"

['Life�s Beach�Inn'],['US$112'],"15   2022-06-16
Name: date, dtype: datetime64[ns]"

['Shore View Apartments'],['US$166'],"15   2022-06-16
Name: date, dtype: datetime64[ns]"

['Shelburne Hotel'],['US$152'],"15   2022-06-16
Name: date, dtype: datetime64[ns]"

"[""Heidi's Inn""]",['US$85'],"15   2022-06-16
Name: date, dtype: datetime64[ns]"

['Salt Hotel'],['US$180'],"15   2022-06-16
Name: date, dtype: datetime64[ns]"

['Col-Pacific Motel'],['US$139'],"15   2022-06-16
Name: date, dtype: datetime64[ns]"

['At The Helm Hotel'],['US$286'],"15   2022-06-16
Name: date, dtype: datetime64[ns]"

['Astoria Riverwalk Inn'],['US$200'],"15   2022-06-16
Name: date, dtype: datetime64[ns]"

"['Motel 6-Astoria, OR']",['US$85'],"15   2022-06-16
Name: date, dtype: datetime64[ns]"

"['Holiday Inn Express Hotel & Suites Astoria, an IHG Hotel']",['US$294'],"15   2022-06-16
Name: date, dtype: datetime64[ns]"

['Best Western Astoria Bayfront Hotel'],['US$242'],"15   2022-06-16
Name: date, dtype: datetime64[ns]"

['Atomic Motel'],['US$79'],"15   2022-06-16
Name: date, dtype: datetime64[ns]"

['Columbia Inn'],['US$72'],"15   2022-06-16
Name: date, dtype: datetime64[ns]"

['Astoria Rivershore Motel'],['US$85'],"15   2022-06-16
Name: date, dtype: datetime64[ns]"

['Bowline Hotel'],['US$358'],"15   2022-06-16
Name: date, dtype: datetime64[ns]"

['Inn at the Sea'],['US$199'],"16   2022-06-17
Name: date, dtype: datetime64[ns]"

['Adrift Hotel'],['US$272'],"16   2022-06-17
Name: date, dtype: datetime64[ns]"

['Best Western Long Beach Inn'],['US$255'],"16   2022-06-17
Name: date, dtype: datetime64[ns]"

['Coastal Inn and Suites'],['US$169'],"16   2022-06-17
Name: date, dtype: datetime64[ns]"

['Chautauqua Resort & Conference Center'],['US$216'],"16   2022-06-17
Name: date, dtype: datetime64[ns]"

['Inn at Discovery Coast'],['US$347'],"16   2022-06-17
Name: date, dtype: datetime64[ns]"

['The Breakers Long Beach'],['US$199'],"16   2022-06-17
Name: date, dtype: datetime64[ns]"

['Shelburne Hotel'],['US$209'],"16   2022-06-17
Name: date, dtype: datetime64[ns]"

"[""Heidi's Inn""]",['US$102'],"16   2022-06-17
Name: date, dtype: datetime64[ns]"

['Col-Pacific Motel'],['US$149'],"16   2022-06-17
Name: date, dtype: datetime64[ns]"

['At The Helm Hotel'],['US$332'],"16   2022-06-17
Name: date, dtype: datetime64[ns]"

['Best Western Astoria Bayfront Hotel'],['US$282'],"16   2022-06-17
Name: date, dtype: datetime64[ns]"

['Atomic Motel'],['US$209'],"16   2022-06-17
Name: date, dtype: datetime64[ns]"

['Astoria Rivershore Motel'],['US$189'],"16   2022-06-17
Name: date, dtype: datetime64[ns]"

['Bowline Hotel'],['US$336'],"16   2022-06-17
Name: date, dtype: datetime64[ns]"

['Adrift Hotel'],['US$289'],"17   2022-06-18
Name: date, dtype: datetime64[ns]"

['Coastal Inn and Suites'],['US$169'],"17   2022-06-18
Name: date, dtype: datetime64[ns]"

['Inn at Discovery Coast'],['US$406'],"17   2022-06-18
Name: date, dtype: datetime64[ns]"

['Chautauqua Resort & Conference Center'],['US$216'],"17   2022-06-18
Name: date, dtype: datetime64[ns]"

['The Breakers Long Beach'],['US$199'],"17   2022-06-18
Name: date, dtype: datetime64[ns]"

['Shelburne Hotel'],['US$270'],"17   2022-06-18
Name: date, dtype: datetime64[ns]"

"[""Heidi's Inn""]",['US$185'],"17   2022-06-18
Name: date, dtype: datetime64[ns]"

['At The Helm Hotel'],['US$332'],"17   2022-06-18
Name: date, dtype: datetime64[ns]"

['Col-Pacific Motel'],['US$149'],"17   2022-06-18
Name: date, dtype: datetime64[ns]"

['Bowline Hotel'],['US$470'],"17   2022-06-18
Name: date, dtype: datetime64[ns]"

['Inn at the Sea'],['US$129'],"18   2022-06-19
Name: date, dtype: datetime64[ns]"

['Adrift Hotel'],['US$189'],"18   2022-06-19
Name: date, dtype: datetime64[ns]"

['Boardwalk Cottages'],['US$189'],"18   2022-06-19
Name: date, dtype: datetime64[ns]"

['Coastal Inn and Suites'],['US$99'],"18   2022-06-19
Name: date, dtype: datetime64[ns]"

['Chautauqua Resort & Conference Center'],['US$188'],"18   2022-06-19
Name: date, dtype: datetime64[ns]"

['Inn at Discovery Coast'],['US$262'],"18   2022-06-19
Name: date, dtype: datetime64[ns]"

['Best Western Long Beach Inn'],['US$195'],"18   2022-06-19
Name: date, dtype: datetime64[ns]"

['The Breakers Long Beach'],['US$199'],"18   2022-06-19
Name: date, dtype: datetime64[ns]"

['Life�s Beach�Inn'],['US$119'],"18   2022-06-19
Name: date, dtype: datetime64[ns]"

['Shelburne Hotel'],['US$180'],"18   2022-06-19
Name: date, dtype: datetime64[ns]"

['Historic Camp Hungry'],['US$121'],"18   2022-06-19
Name: date, dtype: datetime64[ns]"

"[""Heidi's Inn""]",['US$155'],"18   2022-06-19
Name: date, dtype: datetime64[ns]"

['At The Helm Hotel'],['US$286'],"18   2022-06-19
Name: date, dtype: datetime64[ns]"

['Col-Pacific Motel'],['US$149'],"18   2022-06-19
Name: date, dtype: datetime64[ns]"

['Astoria Riverwalk Inn'],['US$218'],"18   2022-06-19
Name: date, dtype: datetime64[ns]"

"['Holiday Inn Express Hotel & Suites Astoria, an IHG Hotel']",['US$265'],"18   2022-06-19
Name: date, dtype: datetime64[ns]"

['Best Western Astoria Bayfront Hotel'],['US$242'],"18   2022-06-19
Name: date, dtype: datetime64[ns]"

['Atomic Motel'],['US$129'],"18   2022-06-19
Name: date, dtype: datetime64[ns]"

['Columbia Inn'],['US$72'],"18   2022-06-19
Name: date, dtype: datetime64[ns]"

['Astoria Rivershore Motel'],['US$119'],"18   2022-06-19
Name: date, dtype: datetime64[ns]"

['Bowline Hotel'],['US$282'],"18   2022-06-19
Name: date, dtype: datetime64[ns]"

['Inn at the Sea'],['US$119'],"19   2022-06-20
Name: date, dtype: datetime64[ns]"

['Adrift Hotel'],['US$196'],"19   2022-06-20
Name: date, dtype: datetime64[ns]"

['Boardwalk Cottages'],['US$176'],"19   2022-06-20
Name: date, dtype: datetime64[ns]"

['Coastal Inn and Suites'],['US$99'],"19   2022-06-20
Name: date, dtype: datetime64[ns]"

['Inn at Discovery Coast'],['US$227'],"19   2022-06-20
Name: date, dtype: datetime64[ns]"

['Chautauqua Resort & Conference Center'],['US$188'],"19   2022-06-20
Name: date, dtype: datetime64[ns]"

['Best Western Long Beach Inn'],['US$195'],"19   2022-06-20
Name: date, dtype: datetime64[ns]"

['The Breakers Long Beach'],['US$249'],"19   2022-06-20
Name: date, dtype: datetime64[ns]"

['Shelburne Hotel'],['US$233'],"19   2022-06-20
Name: date, dtype: datetime64[ns]"

"[""Heidi's Inn""]",['US$155'],"19   2022-06-20
Name: date, dtype: datetime64[ns]"

['At The Helm Hotel'],['US$286'],"19   2022-06-20
Name: date, dtype: datetime64[ns]"

['Col-Pacific Motel'],['US$139'],"19   2022-06-20
Name: date, dtype: datetime64[ns]"

['Astoria Riverwalk Inn'],['US$218'],"19   2022-06-20
Name: date, dtype: datetime64[ns]"

"['Motel 6-Astoria, OR']",['US$85'],"19   2022-06-20
Name: date, dtype: datetime64[ns]"

"['Holiday Inn Express Hotel & Suites Astoria, an IHG Hotel']",['US$256'],"19   2022-06-20
Name: date, dtype: datetime64[ns]"

['Best Western Astoria Bayfront Hotel'],['US$242'],"19   2022-06-20
Name: date, dtype: datetime64[ns]"

['Atomic Motel'],['US$129'],"19   2022-06-20
Name: date, dtype: datetime64[ns]"

['Columbia Inn'],['US$72'],"19   2022-06-20
Name: date, dtype: datetime64[ns]"

['Astoria Rivershore Motel'],['US$119'],"19   2022-06-20
Name: date, dtype: datetime64[ns]"

['Bowline Hotel'],['US$307'],"19   2022-06-20
Name: date, dtype: datetime64[ns]"

['Inn at the Sea'],['US$129'],"20   2022-06-21
Name: date, dtype: datetime64[ns]"

['Adrift Hotel'],['US$194'],"20   2022-06-21
Name: date, dtype: datetime64[ns]"

['Boardwalk Cottages'],['US$187'],"20   2022-06-21
Name: date, dtype: datetime64[ns]"

['Coastal Inn and Suites'],['US$99'],"20   2022-06-21
Name: date, dtype: datetime64[ns]"

['Inn at Discovery Coast'],['US$267'],"20   2022-06-21
Name: date, dtype: datetime64[ns]"

['Chautauqua Resort & Conference Center'],['US$188'],"20   2022-06-21
Name: date, dtype: datetime64[ns]"

['Best Western Long Beach Inn'],['US$195'],"20   2022-06-21
Name: date, dtype: datetime64[ns]"

['The Breakers Long Beach'],['US$249'],"20   2022-06-21
Name: date, dtype: datetime64[ns]"

['Shelburne Hotel'],['US$230'],"20   2022-06-21
Name: date, dtype: datetime64[ns]"

"[""Heidi's Inn""]",['US$155'],"20   2022-06-21
Name: date, dtype: datetime64[ns]"

['At The Helm Hotel'],['US$286'],"20   2022-06-21
Name: date, dtype: datetime64[ns]"

['Col-Pacific Motel'],['US$139'],"20   2022-06-21
Name: date, dtype: datetime64[ns]"

['Astoria Riverwalk Inn'],['US$218'],"20   2022-06-21
Name: date, dtype: datetime64[ns]"

"['Motel 6-Astoria, OR']",['US$85'],"20   2022-06-21
Name: date, dtype: datetime64[ns]"

"['Holiday Inn Express Hotel & Suites Astoria, an IHG Hotel']",['US$287'],"20   2022-06-21
Name: date, dtype: datetime64[ns]"

['Best Western Astoria Bayfront Hotel'],['US$242'],"20   2022-06-21
Name: date, dtype: datetime64[ns]"

['Atomic Motel'],['US$129'],"20   2022-06-21
Name: date, dtype: datetime64[ns]"

['Columbia Inn'],['US$72'],"20   2022-06-21
Name: date, dtype: datetime64[ns]"

['Astoria Rivershore Motel'],['US$129'],"20   2022-06-21
Name: date, dtype: datetime64[ns]"

['Bowline Hotel'],['US$288'],"20   2022-06-21
Name: date, dtype: datetime64[ns]"

['Adrift Hotel'],['US$181'],"21   2022-06-22
Name: date, dtype: datetime64[ns]"

['Boardwalk Cottages'],['US$200'],"21   2022-06-22
Name: date, dtype: datetime64[ns]"

['Oceanview Inn at the Arch'],['US$102'],"21   2022-06-22
Name: date, dtype: datetime64[ns]"

['Inn at Discovery Coast'],['US$227'],"21   2022-06-22
Name: date, dtype: datetime64[ns]"

['Coastal Inn and Suites'],['US$99'],"21   2022-06-22
Name: date, dtype: datetime64[ns]"

['Chautauqua Resort & Conference Center'],['US$188'],"21   2022-06-22
Name: date, dtype: datetime64[ns]"

['Best Western Long Beach Inn'],['US$195'],"21   2022-06-22
Name: date, dtype: datetime64[ns]"

['The Breakers Long Beach'],['US$249'],"21   2022-06-22
Name: date, dtype: datetime64[ns]"

['Shore View Apartments'],['US$166'],"21   2022-06-22
Name: date, dtype: datetime64[ns]"

['Shelburne Hotel'],['US$161'],"21   2022-06-22
Name: date, dtype: datetime64[ns]"

"[""Heidi's Inn""]",['US$155'],"21   2022-06-22
Name: date, dtype: datetime64[ns]"

['At The Helm Hotel'],['US$286'],"21   2022-06-22
Name: date, dtype: datetime64[ns]"

['Col-Pacific Motel'],['US$139'],"21   2022-06-22
Name: date, dtype: datetime64[ns]"

"['Motel 6-Astoria, OR']",['US$85'],"21   2022-06-22
Name: date, dtype: datetime64[ns]"

"['Holiday Inn Express Hotel & Suites Astoria, an IHG Hotel']",['US$287'],"21   2022-06-22
Name: date, dtype: datetime64[ns]"

['Astoria Riverwalk Inn'],['US$218'],"21   2022-06-22
Name: date, dtype: datetime64[ns]"

['Best Western Astoria Bayfront Hotel'],['US$242'],"21   2022-06-22
Name: date, dtype: datetime64[ns]"

['Atomic Motel'],['US$129'],"21   2022-06-22
Name: date, dtype: datetime64[ns]"

['Astoria Rivershore Motel'],['US$99'],"21   2022-06-22
Name: date, dtype: datetime64[ns]"

['Bowline Hotel'],['US$288'],"21   2022-06-22
Name: date, dtype: datetime64[ns]"

['Inn at the Sea'],['US$134'],"22   2022-06-23
Name: date, dtype: datetime64[ns]"

['Adrift Hotel'],['US$210'],"22   2022-06-23
Name: date, dtype: datetime64[ns]"

['Boardwalk Cottages'],['US$191'],"22   2022-06-23
Name: date, dtype: datetime64[ns]"

['Coastal Inn and Suites'],['US$99'],"22   2022-06-23
Name: date, dtype: datetime64[ns]"

['Inn at Discovery Coast'],['US$227'],"22   2022-06-23
Name: date, dtype: datetime64[ns]"

['Chautauqua Resort & Conference Center'],['US$188'],"22   2022-06-23
Name: date, dtype: datetime64[ns]"

['Best Western Long Beach Inn'],['US$195'],"22   2022-06-23
Name: date, dtype: datetime64[ns]"

['The Breakers Long Beach'],['US$249'],"22   2022-06-23
Name: date, dtype: datetime64[ns]"

['Lighthouse Oceanfront Resort'],['US$179'],"22   2022-06-23
Name: date, dtype: datetime64[ns]"

['Shelburne Hotel'],['US$152'],"22   2022-06-23
Name: date, dtype: datetime64[ns]"

"[""Heidi's Inn""]",['US$155'],"22   2022-06-23
Name: date, dtype: datetime64[ns]"

['At The Helm Hotel'],['US$286'],"22   2022-06-23
Name: date, dtype: datetime64[ns]"

['Col-Pacific Motel'],['US$139'],"22   2022-06-23
Name: date, dtype: datetime64[ns]"

['Astoria Riverwalk Inn'],['US$218'],"22   2022-06-23
Name: date, dtype: datetime64[ns]"

"['Motel 6-Astoria, OR']",['US$85'],"22   2022-06-23
Name: date, dtype: datetime64[ns]"

"['Holiday Inn Express Hotel & Suites Astoria, an IHG Hotel']",['US$270'],"22   2022-06-23
Name: date, dtype: datetime64[ns]"

['Best Western Astoria Bayfront Hotel'],['US$242'],"22   2022-06-23
Name: date, dtype: datetime64[ns]"

['Atomic Motel'],['US$129'],"22   2022-06-23
Name: date, dtype: datetime64[ns]"

['Columbia Inn'],['US$72'],"22   2022-06-23
Name: date, dtype: datetime64[ns]"

['Astoria Rivershore Motel'],['US$99'],"22   2022-06-23
Name: date, dtype: datetime64[ns]"

['Bowline Hotel'],['US$288'],"22   2022-06-23
Name: date, dtype: datetime64[ns]"

['Inn at the Sea'],['US$249'],"23   2022-06-24
Name: date, dtype: datetime64[ns]"

['Adrift Hotel'],['US$289'],"23   2022-06-24
Name: date, dtype: datetime64[ns]"

['Coastal Inn and Suites'],['US$169'],"23   2022-06-24
Name: date, dtype: datetime64[ns]"

['Inn at Discovery Coast'],['US$373'],"23   2022-06-24
Name: date, dtype: datetime64[ns]"

['Best Western Long Beach Inn'],['US$255'],"23   2022-06-24
Name: date, dtype: datetime64[ns]"

['Chautauqua Resort & Conference Center'],['US$216'],"23   2022-06-24
Name: date, dtype: datetime64[ns]"

['The Breakers Long Beach'],['US$249'],"23   2022-06-24
Name: date, dtype: datetime64[ns]"

['Shelburne Hotel'],['US$209'],"23   2022-06-24
Name: date, dtype: datetime64[ns]"

"[""Heidi's Inn""]",['US$185'],"23   2022-06-24
Name: date, dtype: datetime64[ns]"

['At The Helm Hotel'],['US$332'],"23   2022-06-24
Name: date, dtype: datetime64[ns]"

['Col-Pacific Motel'],['US$149'],"23   2022-06-24
Name: date, dtype: datetime64[ns]"

"['Holiday Inn Express Hotel & Suites Astoria, an IHG Hotel']",['US$290'],"23   2022-06-24
Name: date, dtype: datetime64[ns]"

['Best Western Astoria Bayfront Hotel'],['US$299'],"23   2022-06-24
Name: date, dtype: datetime64[ns]"

['Atomic Motel'],['US$209'],"23   2022-06-24
Name: date, dtype: datetime64[ns]"

['Astoria Rivershore Motel'],['US$169'],"23   2022-06-24
Name: date, dtype: datetime64[ns]"

['Bowline Hotel'],['US$325'],"23   2022-06-24
Name: date, dtype: datetime64[ns]"

['Adrift Hotel'],['US$289'],"24   2022-06-25
Name: date, dtype: datetime64[ns]"

['Coastal Inn and Suites'],['US$169'],"24   2022-06-25
Name: date, dtype: datetime64[ns]"

['Boardwalk Cottages'],['US$258'],"24   2022-06-25
Name: date, dtype: datetime64[ns]"

['Inn at Discovery Coast'],['US$351'],"24   2022-06-25
Name: date, dtype: datetime64[ns]"

['Best Western Long Beach Inn'],['US$255'],"24   2022-06-25
Name: date, dtype: datetime64[ns]"

['Chautauqua Resort & Conference Center'],['US$216'],"24   2022-06-25
Name: date, dtype: datetime64[ns]"

['The Breakers Long Beach'],['US$249'],"24   2022-06-25
Name: date, dtype: datetime64[ns]"

['Shelburne Hotel'],['US$270'],"24   2022-06-25
Name: date, dtype: datetime64[ns]"

"[""Heidi's Inn""]",['US$185'],"24   2022-06-25
Name: date, dtype: datetime64[ns]"

['At The Helm Hotel'],['US$332'],"24   2022-06-25
Name: date, dtype: datetime64[ns]"

"['Holiday Inn Express Hotel & Suites Astoria, an IHG Hotel']",['US$290'],"24   2022-06-25
Name: date, dtype: datetime64[ns]"

['Best Western Astoria Bayfront Hotel'],['US$299'],"24   2022-06-25
Name: date, dtype: datetime64[ns]"

['Atomic Motel'],['US$209'],"24   2022-06-25
Name: date, dtype: datetime64[ns]"

['Astoria Rivershore Motel'],['US$169'],"24   2022-06-25
Name: date, dtype: datetime64[ns]"

['Bowline Hotel'],['US$362'],"24   2022-06-25
Name: date, dtype: datetime64[ns]"

['Oceanview Inn at the Arch'],['US$145'],"25   2022-06-26
Name: date, dtype: datetime64[ns]"

['Adrift Hotel'],['US$196'],"25   2022-06-26
Name: date, dtype: datetime64[ns]"

['Coastal Inn and Suites'],['US$99'],"25   2022-06-26
Name: date, dtype: datetime64[ns]"

['Boardwalk Cottages'],['US$243'],"25   2022-06-26
Name: date, dtype: datetime64[ns]"

['Chautauqua Resort & Conference Center'],['US$188'],"25   2022-06-26
Name: date, dtype: datetime64[ns]"

['Inn at Discovery Coast'],['US$288'],"25   2022-06-26
Name: date, dtype: datetime64[ns]"

['Best Western Long Beach Inn'],['US$195'],"25   2022-06-26
Name: date, dtype: datetime64[ns]"

['The Breakers Long Beach'],['US$249'],"25   2022-06-26
Name: date, dtype: datetime64[ns]"

['Shelburne Hotel'],['US$160'],"25   2022-06-26
Name: date, dtype: datetime64[ns]"

"[""Heidi's Inn""]",['US$155'],"25   2022-06-26
Name: date, dtype: datetime64[ns]"

['At The Helm Hotel'],['US$286'],"25   2022-06-26
Name: date, dtype: datetime64[ns]"

['Col-Pacific Motel'],['US$149'],"25   2022-06-26
Name: date, dtype: datetime64[ns]"

['Astoria Riverwalk Inn'],['US$200'],"25   2022-06-26
Name: date, dtype: datetime64[ns]"

"['Motel 6-Astoria, OR']",['US$85'],"25   2022-06-26
Name: date, dtype: datetime64[ns]"

"['Holiday Inn Express Hotel & Suites Astoria, an IHG Hotel']",['US$227'],"25   2022-06-26
Name: date, dtype: datetime64[ns]"

['Best Western Astoria Bayfront Hotel'],['US$286'],"25   2022-06-26
Name: date, dtype: datetime64[ns]"

['Atomic Motel'],['US$129'],"25   2022-06-26
Name: date, dtype: datetime64[ns]"

['Columbia Inn'],['US$72'],"25   2022-06-26
Name: date, dtype: datetime64[ns]"

['Astoria Rivershore Motel'],['US$99'],"25   2022-06-26
Name: date, dtype: datetime64[ns]"

['Bowline Hotel'],['US$288'],"25   2022-06-26
Name: date, dtype: datetime64[ns]"

['Oceanview Inn at the Arch'],['US$145'],"26   2022-06-27
Name: date, dtype: datetime64[ns]"

['Adrift Hotel'],['US$205'],"26   2022-06-27
Name: date, dtype: datetime64[ns]"

['Boardwalk Cottages'],['US$191'],"26   2022-06-27
Name: date, dtype: datetime64[ns]"

['Coastal Inn and Suites'],['US$99'],"26   2022-06-27
Name: date, dtype: datetime64[ns]"

['Chautauqua Resort & Conference Center'],['US$188'],"26   2022-06-27
Name: date, dtype: datetime64[ns]"

['Inn at Discovery Coast'],['US$267'],"26   2022-06-27
Name: date, dtype: datetime64[ns]"

['Best Western Long Beach Inn'],['US$195'],"26   2022-06-27
Name: date, dtype: datetime64[ns]"

['The Breakers Long Beach'],['US$249'],"26   2022-06-27
Name: date, dtype: datetime64[ns]"

['Shelburne Hotel'],['US$243'],"26   2022-06-27
Name: date, dtype: datetime64[ns]"

"[""Heidi's Inn""]",['US$155'],"26   2022-06-27
Name: date, dtype: datetime64[ns]"

['At The Helm Hotel'],['US$286'],"26   2022-06-27
Name: date, dtype: datetime64[ns]"

['Col-Pacific Motel'],['US$144'],"26   2022-06-27
Name: date, dtype: datetime64[ns]"

['Astoria Riverwalk Inn'],['US$200'],"26   2022-06-27
Name: date, dtype: datetime64[ns]"

"['Motel 6-Astoria, OR']",['US$85'],"26   2022-06-27
Name: date, dtype: datetime64[ns]"

"['Holiday Inn Express Hotel & Suites Astoria, an IHG Hotel']",['US$227'],"26   2022-06-27
Name: date, dtype: datetime64[ns]"

['Best Western Astoria Bayfront Hotel'],['US$251'],"26   2022-06-27
Name: date, dtype: datetime64[ns]"

['Atomic Motel'],['US$129'],"26   2022-06-27
Name: date, dtype: datetime64[ns]"

['Columbia Inn'],['US$83'],"26   2022-06-27
Name: date, dtype: datetime64[ns]"

['Astoria Rivershore Motel'],['US$99'],"26   2022-06-27
Name: date, dtype: datetime64[ns]"

['Bowline Hotel'],['US$288'],"26   2022-06-27
Name: date, dtype: datetime64[ns]"

['Inn at the Sea'],['US$119'],"27   2022-06-28
Name: date, dtype: datetime64[ns]"

['Adrift Hotel'],['US$212'],"27   2022-06-28
Name: date, dtype: datetime64[ns]"

['Boardwalk Cottages'],['US$232'],"27   2022-06-28
Name: date, dtype: datetime64[ns]"

['Inn at Discovery Coast'],['US$227'],"27   2022-06-28
Name: date, dtype: datetime64[ns]"

['Coastal Inn and Suites'],['US$99'],"27   2022-06-28
Name: date, dtype: datetime64[ns]"

['Chautauqua Resort & Conference Center'],['US$188'],"27   2022-06-28
Name: date, dtype: datetime64[ns]"

['Best Western Long Beach Inn'],['US$195'],"27   2022-06-28
Name: date, dtype: datetime64[ns]"

['The Breakers Long Beach'],['US$249'],"27   2022-06-28
Name: date, dtype: datetime64[ns]"

['Shelburne Hotel'],['US$152'],"27   2022-06-28
Name: date, dtype: datetime64[ns]"

"[""Heidi's Inn""]",['US$155'],"27   2022-06-28
Name: date, dtype: datetime64[ns]"

['At The Helm Hotel'],['US$286'],"27   2022-06-28
Name: date, dtype: datetime64[ns]"

['Col-Pacific Motel'],['US$144'],"27   2022-06-28
Name: date, dtype: datetime64[ns]"

['Astoria Riverwalk Inn'],['US$200'],"27   2022-06-28
Name: date, dtype: datetime64[ns]"

"['Motel 6-Astoria, OR']",['US$85'],"27   2022-06-28
Name: date, dtype: datetime64[ns]"

"['Holiday Inn Express Hotel & Suites Astoria, an IHG Hotel']",['US$227'],"27   2022-06-28
Name: date, dtype: datetime64[ns]"

['Best Western Astoria Bayfront Hotel'],['US$251'],"27   2022-06-28
Name: date, dtype: datetime64[ns]"

['Atomic Motel'],['US$129'],"27   2022-06-28
Name: date, dtype: datetime64[ns]"

['Columbia Inn'],['US$72'],"27   2022-06-28
Name: date, dtype: datetime64[ns]"

['Astoria Rivershore Motel'],['US$99'],"27   2022-06-28
Name: date, dtype: datetime64[ns]"

['Bowline Hotel'],['US$307'],"27   2022-06-28
Name: date, dtype: datetime64[ns]"

['Inn at the Sea'],['US$109'],"28   2022-06-29
Name: date, dtype: datetime64[ns]"

['Adrift Hotel'],['US$213'],"28   2022-06-29
Name: date, dtype: datetime64[ns]"

['Boardwalk Cottages'],['US$212'],"28   2022-06-29
Name: date, dtype: datetime64[ns]"

['Coastal Inn and Suites'],['US$99'],"28   2022-06-29
Name: date, dtype: datetime64[ns]"

['Inn at Discovery Coast'],['US$282'],"28   2022-06-29
Name: date, dtype: datetime64[ns]"

['Chautauqua Resort & Conference Center'],['US$188'],"28   2022-06-29
Name: date, dtype: datetime64[ns]"

['Best Western Long Beach Inn'],['US$195'],"28   2022-06-29
Name: date, dtype: datetime64[ns]"

['The Breakers Long Beach'],['US$249'],"28   2022-06-29
Name: date, dtype: datetime64[ns]"

['Shelburne Hotel'],['US$152'],"28   2022-06-29
Name: date, dtype: datetime64[ns]"

"[""Heidi's Inn""]",['US$155'],"28   2022-06-29
Name: date, dtype: datetime64[ns]"

['At The Helm Hotel'],['US$286'],"28   2022-06-29
Name: date, dtype: datetime64[ns]"

['Col-Pacific Motel'],['US$144'],"28   2022-06-29
Name: date, dtype: datetime64[ns]"

['Astoria Riverwalk Inn'],['US$200'],"28   2022-06-29
Name: date, dtype: datetime64[ns]"

"['Motel 6-Astoria, OR']",['US$85'],"28   2022-06-29
Name: date, dtype: datetime64[ns]"

"['Holiday Inn Express Hotel & Suites Astoria, an IHG Hotel']",['US$227'],"28   2022-06-29
Name: date, dtype: datetime64[ns]"

['Best Western Astoria Bayfront Hotel'],['US$251'],"28   2022-06-29
Name: date, dtype: datetime64[ns]"

['Atomic Motel'],['US$129'],"28   2022-06-29
Name: date, dtype: datetime64[ns]"

['Columbia Inn'],['US$72'],"28   2022-06-29
Name: date, dtype: datetime64[ns]"

['Bowline Hotel'],['US$267'],"28   2022-06-29
Name: date, dtype: datetime64[ns]"

['Astoria Rivershore Motel'],['US$99'],"28   2022-06-29
Name: date, dtype: datetime64[ns]"

